Q,status,pontos,min_f1,min_f2,carga_maxima
1,viavel,4,75.48307952286049,3.019806626980426e-14,1.0
2,viavel,4,75.48307952286049,3.019806626980426e-14,1.0
3,viavel,4,75.48307952286049,3.019806626980426e-14,1.0
4,viavel,4,75.48307952286049,3.019806626980426e-14,1.0
5,viavel,4,75.48307952286049,3.019806626980426e-14,1.0
6,viavel,4,75.48307952286049,3.019806626980426e-14,1.0
7,viavel,4,75.48307952286049,3.019806626980426e-14,1.0
8,viavel,4,75.48307952286049,3.019806626980426e-14,1.0
9,viavel,4,75.48307952286049,3.019806626980426e-14,1.0
10,viavel,4,75.48307952286049,3.019806626980426e-14,1.0
11,viavel,4,75.48307952286049,3.019806626980426e-14,1.0
12,viavel,4,75.48307952286049,3.019806626980426e-14,1.0
13,viavel,4,75.48307952286049,3.019806626980426e-14,1.0
14,viavel,4,75.48307952286049,3.019806626980426e-14,1.0
15,viavel,4,75.48307952286049,3.019806626980426e-14,1.0
16,viavel,4,75.48307952286049,3.019806626980426e-14,1.0
17,viavel,4,75.48307952286049,3.019806626980426e-14,1.0
18,viavel,4,75.48307952286049,3.019806626980426e-14,1.0
19,viavel,4,75.48307952286049,3.019806626980426e-14,1.0
20,viavel,4,75.48307952286049,3.019806626980426e-14,1.0
