Q,metodo,seed,tempo_busca,agendamentos,hv,hv_relativo,cardinalidade,min_f1,min_f2,hv_referencia,recuperacao_referencia,resolucoes_agendamento,cache_hits
1,sa,7,1.601635199971497,8721,0.11000000000000011,1.0,1,600.0,0.0,0.11000000000000011,1.0,408,8313
1,sa,42,0.9237550999969244,8731,0.11000000000000011,1.0,1,600.0,0.0,0.11000000000000011,1.0,408,8323
1,sa,2026,0.9338359000394121,8729,0.11000000000000011,1.0,1,600.0,0.0,0.11000000000000011,1.0,408,8321
1,sa,314,0.9348349999636412,8729,0.11000000000000011,1.0,1,600.0,0.0,0.11000000000000011,1.0,408,8321
1,sa,2718,0.9168678999412805,8735,0.11000000000000011,1.0,1,600.0,0.0,0.11000000000000011,1.0,408,8327
1,ga,7,0.841964399907738,5897,0.11000000000000011,1.0,1,600.0,0.0,0.11000000000000011,1.0,408,5489
1,ga,42,0.8243553000502288,5896,0.11000000000000011,1.0,1,600.0,0.0,0.11000000000000011,1.0,408,5488
1,ga,2026,0.8244165000505745,5851,0.11000000000000011,1.0,1,600.0,0.0,0.11000000000000011,1.0,408,5443
1,ga,314,0.8407274000346661,5901,0.11000000000000011,1.0,1,600.0,0.0,0.11000000000000011,1.0,408,5493
1,ga,2718,0.8530378000577912,5888,0.11000000000000011,1.0,1,600.0,0.0,0.11000000000000011,1.0,408,5480
1,grasp,7,1.0178860999876633,10576,0.11000000000000011,1.0,1,600.0,0.0,0.11000000000000011,1.0,408,10168
1,grasp,42,0.9929452000651509,10571,0.11000000000000011,1.0,1,600.0,0.0,0.11000000000000011,1.0,408,10163
1,grasp,2026,0.9766390000004321,10573,0.11000000000000011,1.0,1,600.0,0.0,0.11000000000000011,1.0,408,10165
1,grasp,314,0.998420299962163,10576,0.11000000000000011,1.0,1,600.0,0.0,0.11000000000000011,1.0,408,10168
1,grasp,2718,0.9999884999124333,10579,0.11000000000000011,1.0,1,600.0,0.0,0.11000000000000011,1.0,408,10171
2,sa,7,2.6202833000570536,9431,0.6674558401211893,0.9107032473661587,6,336.0,0.0,0.7329015703540486,0.09090909090909091,1386,8045
2,sa,42,2.837815499980934,9538,0.7051046430148206,0.9620727687541999,7,326.0,0.0,0.7329015703540486,0.18181818181818182,1536,8002
2,sa,2026,2.8936004999559373,9447,0.7012514632200155,0.9568153372645339,8,328.0,0.0,0.7329015703540486,0.18181818181818182,1516,7931
2,sa,314,2.7505038999952376,9499,0.6964476460891014,0.9502608184516004,8,328.0,0.0,0.7329015703540486,0.2727272727272727,1451,8048
2,sa,2718,2.545107200043276,9326,0.7222104444543456,0.9854126033670001,7,318.0,0.0,0.7329015703540486,0.2727272727272727,1359,7967
2,ga,7,1.7401052000932395,6373,0.6140010207098796,0.8377673695163039,9,368.0,0.0,0.7329015703540486,0.09090909090909091,928,5445
2,ga,42,1.9529628000454977,6259,0.7092413533316864,0.967717060544798,8,324.0,0.0,0.7329015703540486,0.09090909090909091,1046,5213
2,ga,2026,2.155064500053413,6523,0.5672593939737615,0.7739912382773733,5,384.0,0.0,0.7329015703540486,0.09090909090909091,1184,5339
2,ga,314,1.7182689000619575,6191,0.633988302340747,0.8650388101017183,9,364.0,0.0,0.7329015703540486,0.36363636363636365,911,5280
2,ga,2718,2.1202862999634817,6577,0.6929193112638576,0.9454466183352883,7,332.0,0.0,0.7329015703540486,0.36363636363636365,1135,5442
2,grasp,7,3.598614400019869,11895,0.6702883100365756,0.9145679817724693,4,334.0,0.0,0.7329015703540486,0.09090909090909091,1837,10058
2,grasp,42,3.385325900046155,11797,0.7079719466800602,0.9659850317117681,4,320.0,0.0,0.7329015703540486,0.09090909090909091,1826,9971
2,grasp,2026,3.6194837000221014,12022,0.6898426000558961,0.9412486314126035,5,326.0,0.0,0.7329015703540486,0.09090909090909091,1959,10063
2,grasp,314,3.4919667000649497,11960,0.6915368974470104,0.9435603980394587,4,324.0,0.0,0.7329015703540486,0.09090909090909091,1822,10138
2,grasp,2718,3.392842600005679,11776,0.6970381996621938,0.9510665931926848,5,326.0,0.0,0.7329015703540486,0.09090909090909091,1822,9954
3,sa,7,4.2527443000581115,10360,0.8285339851835051,0.9197837602268443,7,242.0,0.0,0.9007921437742775,0.3333333333333333,2353,8007
3,sa,42,4.517805999959819,10341,0.8834765297484277,0.980777347864849,10,228.0,0.0,0.9007921437742775,0.3333333333333333,2518,7823
3,sa,2026,4.227516300044954,10321,0.8108987917549325,0.9002063321259708,9,248.0,0.0,0.9007921437742775,0.08333333333333333,2268,8053
3,sa,314,4.364204699988477,10283,0.8744278556586619,0.9707321069596028,12,238.0,0.0,0.9007921437742775,0.4166666666666667,2405,7878
3,sa,2718,4.667658600024879,10564,0.8353585648495063,0.9273599582578423,11,236.0,0.0,0.9007921437742775,0.08333333333333333,2580,7984
3,ga,7,2.2776371999643743,6463,0.6893265745057459,0.7652448783772684,5,322.0,0.0,0.9007921437742775,0.08333333333333333,1255,5208
3,ga,42,3.230468999943696,7294,0.8299564983170441,0.9213629404443567,7,234.0,0.0,0.9007921437742775,0.08333333333333333,1787,5507
3,ga,2026,2.732726600021124,6574,0.7104953683264003,0.7887450764717567,9,300.0,0.0,0.9007921437742775,0.08333333333333333,1511,5063
3,ga,314,3.033374199992977,7148,0.8318942269135273,0.9235140788727674,9,238.0,0.0,0.9007921437742775,0.08333333333333333,1658,5490
3,ga,2718,3.0625519999302924,7060,0.8020570949462712,0.8903908637409835,7,244.0,0.0,0.9007921437742775,0.16666666666666666,1703,5357
3,grasp,7,5.5961544999154285,13036,0.8362520910376003,0.9283518920732842,6,232.0,0.0,0.9007921437742775,0.08333333333333333,3084,9952
3,grasp,42,5.454043500008993,12751,0.8473324638397325,0.9406525908290547,4,228.0,0.0,0.9007921437742775,0.08333333333333333,2936,9815
3,grasp,2026,5.895374300074764,13491,0.8515084633860835,0.945288509975567,5,228.0,0.0,0.9007921437742775,0.08333333333333333,3263,10228
3,grasp,314,5.723799800034612,13118,0.8201402665996996,0.9104656077076225,6,244.0,0.0,0.9007921437742775,0.08333333333333333,3150,9968
3,grasp,2718,5.157524000038393,12865,0.8279422164796042,0.9191268176591377,4,246.0,0.0,0.9007921437742775,0.16666666666666666,2889,9976
4,sa,7,5.723522400017828,10994,0.9039304216098862,0.9377659556363507,11,186.0,0.0,0.9639189993802832,0.21428571428571427,3177,7817
4,sa,42,5.5358370000030845,11019,0.8869623349953625,0.9201627269154387,15,194.0,0.0,0.9639189993802832,0.14285714285714285,3055,7964
4,sa,2026,5.7810358999995515,11099,0.9215413124222823,0.9560360497248772,7,180.0,0.0,0.9639189993802832,0.14285714285714285,3230,7869
4,sa,314,5.890585699933581,11200,0.9218698027842699,0.9563768359965439,13,186.0,0.0,0.9639189993802832,0.21428571428571427,3323,7877
4,sa,2718,5.760548499994911,10984,0.8584577964817913,0.8905912187991996,11,190.0,0.0,0.9639189993802832,0.07142857142857142,3200,7784
4,ga,7,4.14601320005022,7720,0.8231290833458225,0.8539400964967216,7,198.0,0.0,0.9639189993802832,0.07142857142857142,2335,5385
4,ga,42,3.5857433999190107,7296,0.7862514834721959,0.8156821101956573,8,192.0,0.0,0.9639189993802832,0.21428571428571427,1983,5313
4,ga,2026,4.169456299976446,7853,0.8267833867315819,0.8577311861921305,7,190.0,0.0,0.9639189993802832,0.07142857142857142,2331,5522
4,ga,314,2.721416899934411,6493,0.790124510403545,0.8197001106021636,10,244.0,0.0,0.9639189993802832,0.07142857142857142,1475,5018
4,ga,2718,2.6405562000581995,6590,0.7827899808414376,0.8120910380900304,8,276.0,0.0,0.9639189993802832,0.07142857142857142,1451,5139
4,grasp,7,7.391720299958251,14220,0.9085572346863141,0.9425659575861022,6,184.0,0.0,0.9639189993802832,0.14285714285714285,4180,10040
4,grasp,42,7.214242100017145,13860,0.8771578495425033,0.9099912441879869,7,188.0,0.0,0.9639189993802832,0.14285714285714285,4064,9796
4,grasp,2026,8.619612899958156,14463,0.8116570333796435,0.8420386296996624,7,190.0,0.0,0.9639189993802832,0.07142857142857142,4749,9714
4,grasp,314,7.786559700034559,14076,0.9052488385374686,0.9391337229782435,5,196.0,0.0,0.9639189993802832,0.2857142857142857,4308,9768
4,grasp,2718,7.550549000035971,14128,0.8942134255752634,0.9276852371933383,4,196.0,0.0,0.9639189993802832,0.14285714285714285,4241,9887
5,sa,7,6.99100660008844,11733,0.9331915815737564,0.9788815906230436,12,178.0,0.0,0.953324273858081,0.25,3938,7795
5,sa,42,7.644256800063886,12038,0.9094418499151435,0.9539690479448862,16,188.0,0.0,0.953324273858081,0.25,4313,7725
5,sa,2026,7.2269352999283,11644,0.8279928469299722,0.8685322189259952,9,206.0,0.0,0.953324273858081,0.1,4033,7611
5,sa,314,8.125549199990928,12257,0.8911452202829636,0.9347765967151133,11,186.0,0.0,0.953324273858081,0.1,4616,7641
5,sa,2718,7.4058954999782145,11827,0.8834643784403391,0.926719693043144,13,188.0,0.0,0.953324273858081,0.1,4156,7671
5,ga,7,3.275505800032988,6957,0.7969401791102811,0.8359591809039781,9,236.0,0.0,0.953324273858081,0.05,1823,5134
5,ga,42,4.706648899940774,7668,0.8327132250786797,0.8734837115902953,11,190.0,0.0,0.953324273858081,0.05,2628,5040
5,ga,2026,3.2427579999202862,6755,0.8329157468801518,0.8736961490651667,9,200.0,0.0,0.953324273858081,0.05,1817,4938
5,ga,314,4.8830368999624625,8020,0.8384190743133499,0.8794689250073194,12,192.0,0.0,0.953324273858081,0.05,2737,5283
5,ga,2718,2.601364600006491,6594,0.7470886275907604,0.783666846714508,6,294.0,0.0,0.953324273858081,0.15,1430,5164
5,grasp,7,10.043723199982196,15337,0.8760298031083047,0.9189211133406187,6,188.0,0.0,0.953324273858081,0.1,5620,9717
5,grasp,42,9.595389300026,14681,0.863366924949471,0.9056382477868157,6,200.0,0.0,0.953324273858081,0.15,5323,9358
5,grasp,2026,10.539263399899937,15417,0.8264832494218004,0.8669487099883044,5,184.0,0.0,0.953324273858081,0.05,5966,9451
5,grasp,314,10.063153399969451,15109,0.9069593376727005,0.9513649893779137,6,184.0,0.0,0.953324273858081,0.15,5461,9648
5,grasp,2718,10.037855300004594,15195,0.8692542337182599,0.9118138051813245,5,190.0,0.0,0.953324273858081,0.1,5448,9747
6,sa,7,9.186170500004664,12552,0.9144251013621619,0.8971998112920888,10,136.0,0.0,1.0191989452664578,0.058823529411764705,5027,7525
6,sa,42,9.133527899975888,12548,0.9102588228622813,0.8931120141851252,11,140.0,0.0,1.0191989452664578,0.11764705882352941,4945,7603
6,sa,2026,8.88669850002043,12214,0.9663225281201521,0.9481196312144123,10,124.0,0.0,1.0191989452664578,0.11764705882352941,4829,7385
6,sa,314,9.315694999997504,12575,1.003729925026429,0.9848223741676022,11,128.0,0.0,1.0191989452664578,0.5294117647058824,5069,7506
6,sa,2718,8.840707900002599,12385,0.8600484027105518,0.8438474222377674,14,142.0,0.0,1.0191989452664578,0.058823529411764705,4838,7547
6,ga,7,3.703111800015904,7095,0.8533817900496988,0.8373063904874745,9,178.0,0.0,1.0191989452664578,0.11764705882352941,2022,5073
6,ga,42,5.238574400078505,7938,0.8209965287763228,0.805531179745955,8,138.0,0.0,1.0191989452664578,0.058823529411764705,2812,5126
6,ga,2026,3.324803899973631,6755,0.8329157468801518,0.8172258720915332,9,200.0,0.0,1.0191989452664578,0.058823529411764705,1817,4938
6,ga,314,5.620113100041635,8097,0.8452428438921452,0.8293207600123312,9,134.0,0.0,1.0191989452664578,0.058823529411764705,3078,5019
6,ga,2718,2.6630957999732345,6594,0.7470886275907604,0.7330155030678949,6,294.0,0.0,1.0191989452664578,0.17647058823529413,1430,5164
6,grasp,7,12.268378200009465,16135,0.8513557619477737,0.8353185272627971,5,136.0,0.0,1.0191989452664578,0.058823529411764705,6814,9321
6,grasp,42,11.40753169998061,15262,0.906068241746224,0.8890003722573937,4,124.0,0.0,1.0191989452664578,0.11764705882352941,6240,9022
6,grasp,2026,12.220539999892935,15841,0.831803092102865,0.8161341767140464,6,128.0,0.0,1.0191989452664578,0.058823529411764705,6786,9055
6,grasp,314,11.973072600085288,15730,0.9029700632273066,0.885960555023176,6,140.0,0.0,1.0191989452664578,0.11764705882352941,6500,9230
6,grasp,2718,11.990663600037806,15974,0.9060698619206358,0.8890019619121116,5,138.0,0.0,1.0191989452664578,0.11764705882352941,6661,9313
7,sa,7,10.353144700056873,12881,0.8845000749330667,0.868668056265672,15,140.0,0.0,1.0182256254885844,0.14285714285714285,5718,7163
7,sa,42,11.065291499951854,13012,0.8820592821817271,0.8662709522346589,14,134.0,0.0,1.0182256254885844,0.07142857142857142,6010,7002
7,sa,2026,10.783595399931073,12959,0.8885796741019171,0.8726746330662635,10,132.0,0.0,1.0182256254885844,0.07142857142857142,5966,6993
7,sa,314,10.524695000029169,12768,0.8762793099677181,0.8605944380423985,10,134.0,0.0,1.0182256254885844,0.07142857142857142,5703,7065
7,sa,2718,10.631187499966472,13165,0.940632637603438,0.9237958798690474,14,134.0,0.0,1.0182256254885844,0.14285714285714285,5894,7271
7,ga,7,3.690885700052604,7095,0.8533817900496988,0.8381067699413015,9,178.0,0.0,1.0182256254885844,0.14285714285714285,2022,5073
7,ga,42,6.285685100010596,8412,0.8525121614341786,0.8372527071542812,10,136.0,0.0,1.0182256254885844,0.14285714285714285,3475,4937
7,ga,2026,3.368247199920006,6755,0.8329157468801518,0.8180070566191912,9,200.0,0.0,1.0182256254885844,0.07142857142857142,1817,4938
7,ga,314,6.520446699927561,8423,0.867233471183173,0.8517105143244067,11,136.0,0.0,1.0182256254885844,0.07142857142857142,3574,4849
7,ga,2718,2.757716500083916,6594,0.7470886275907604,0.7337161910772754,6,294.0,0.0,1.0182256254885844,0.21428571428571427,1430,5164
7,grasp,7,14.389483299921267,16955,0.8679163746977363,0.8523811942773255,6,142.0,0.0,1.0182256254885844,0.14285714285714285,8087,8868
7,grasp,42,12.868621699977666,15802,0.8925709737653259,0.8765944908693841,4,126.0,0.0,1.0182256254885844,0.14285714285714285,7180,8622
7,grasp,2026,14.525954599957913,16872,0.8838135260260768,0.8679937961706558,5,140.0,0.0,1.0182256254885844,0.07142857142857142,8070,8802
7,grasp,314,13.266967499977909,16288,0.9038449574096652,0.8876666769960392,6,140.0,0.0,1.0182256254885844,0.21428571428571427,7381,8907
7,grasp,2718,14.64891119999811,16861,0.982672923240187,0.9650836697108877,4,126.0,0.0,1.0182256254885844,0.2857142857142857,8142,8719
8,sa,7,12.405934500042349,13277,0.8787435952480285,0.8557296336004282,13,138.0,0.0,1.0268939636351853,0.0625,6855,6422
8,sa,42,12.38037989998702,13473,0.8598078068104031,0.8372897662838524,13,138.0,0.0,1.0268939636351853,0.0625,6900,6573
8,sa,2026,11.077052199980244,13130,0.9016411151660478,0.8780274761517297,12,144.0,0.0,1.0268939636351853,0.0625,6260,6870
8,sa,314,12.401682700030506,13509,1.0061152268041655,0.9797654504098327,12,122.0,0.0,1.0268939636351853,0.375,6931,6578
8,sa,2718,12.39313639991451,13489,0.8959146087076273,0.8724509447266653,12,126.0,0.0,1.0268939636351853,0.0625,6834,6655
8,ga,7,3.6610768000828102,7095,0.8533817900496988,0.8310320444661524,9,178.0,0.0,1.0268939636351853,0.125,2022,5073
8,ga,42,7.15923119999934,8695,0.8714054202934948,0.8485836426662166,10,126.0,0.0,1.0268939636351853,0.125,4016,4679
8,ga,2026,3.306760499952361,6755,0.8329157468801518,0.811101999208999,9,200.0,0.0,1.0268939636351853,0.0625,1817,4938
8,ga,314,7.3931117000756785,8830,0.8599499771150365,0.837428213202101,11,134.0,0.0,1.0268939636351853,0.0625,4109,4721
8,ga,2718,2.6742262999759987,6594,0.7470886275907604,0.7275226596386649,6,294.0,0.0,1.0268939636351853,0.1875,1430,5164
8,grasp,7,17.627665599924512,17709,0.8722564169032796,0.8494123519973847,6,132.0,0.0,1.0268939636351853,0.0625,9697,8012
8,grasp,42,13.800639700028114,16043,0.8925709737653259,0.869194878316006,4,126.0,0.0,1.0268939636351853,0.125,7715,8328
8,grasp,2026,16.312779600033537,17380,0.8821986171811396,0.8590941698188322,6,138.0,0.0,1.0268939636351853,0.125,9138,8242
8,grasp,314,15.434436400071718,16767,0.897829249818743,0.8743154421128784,6,148.0,0.0,1.0268939636351853,0.1875,8422,8345
8,grasp,2718,16.45329460001085,17458,0.9564637668244987,0.9314143433452808,4,124.0,0.0,1.0268939636351853,0.1875,9246,8212
9,sa,7,14.224888600059785,13705,0.9640153997577839,0.9485323770648114,12,128.0,0.0,1.0163231356855567,0.2727272727272727,7923,5782
9,sa,42,12.899344800040126,13506,0.8913469319972297,0.8770310354058557,13,124.0,0.0,1.0163231356855567,0.09090909090909091,7179,6327
9,sa,2026,14.161060100072064,13754,0.8271442805818049,0.813859540867244,15,136.0,0.0,1.0163231356855567,0.045454545454545456,7805,5949
9,sa,314,14.333904600003734,13873,0.9376251888515801,0.922566018551874,12,134.0,0.0,1.0163231356855567,0.045454545454545456,7863,6010
9,sa,2718,13.583414199994877,13567,0.9766373685127205,0.9609516247545952,13,130.0,0.0,1.0163231356855567,0.36363636363636365,7413,6154
9,ga,7,3.7984664000105113,7095,0.8533817900496988,0.8396756504751351,9,178.0,0.0,1.0163231356855567,0.09090909090909091,2022,5073
9,ga,42,9.120815100031905,9340,0.8820673830537857,0.8679005250222812,8,124.0,0.0,1.0163231356855567,0.09090909090909091,5044,4296
9,ga,2026,3.3341789999976754,6755,0.8329157468801518,0.8195383118168532,9,200.0,0.0,1.0163231356855567,0.045454545454545456,1817,4938
9,ga,314,8.38158259994816,8869,0.9335038701916263,0.9185108922684664,11,124.0,0.0,1.0163231356855567,0.09090909090909091,4608,4261
9,ga,2718,2.6949850999517366,6594,0.7470886275907604,0.7350896593402991,6,294.0,0.0,1.0163231356855567,0.045454545454545456,1430,5164
9,grasp,7,20.31511009996757,18286,0.8396346101657843,0.8261492636388841,8,138.0,0.0,1.0163231356855567,0.045454545454545456,11257,7029
9,grasp,42,16.80876519996673,16626,0.8925709737653259,0.8782354178754829,4,126.0,0.0,1.0163231356855567,0.045454545454545456,9270,7356
9,grasp,2026,18.344504399923608,17728,0.8770914223916205,0.8630044831164667,6,144.0,0.0,1.0163231356855567,0.09090909090909091,10145,7583
9,grasp,314,16.10860249993857,16944,0.9077511979164556,0.8931718328975515,7,134.0,0.0,1.0163231356855567,0.13636363636363635,8973,7971
9,grasp,2718,16.555810499936342,17329,0.9340992842879537,0.9190967434366835,5,124.0,0.0,1.0163231356855567,0.13636363636363635,9304,8025
10,sa,7,16.86556400009431,14446,0.886140501524989,0.8788015702989813,14,140.0,0.0,1.0083510674924157,0.17647058823529413,9321,5125
10,sa,42,13.174559899955057,13506,0.8913469319972297,0.8839648816099795,13,124.0,0.0,1.0083510674924157,0.058823529411764705,7179,6327
10,sa,2026,14.937143499962986,13897,0.8504440087975473,0.8434007125241071,15,130.0,0.0,1.0083510674924157,0.058823529411764705,8277,5620
10,sa,314,16.09541700000409,14100,0.9008277876113365,0.8933672176809712,11,136.0,0.0,1.0083510674924157,0.058823529411764705,8845,5255
10,sa,2718,15.480529599939473,13994,0.9675012050047188,0.9594884521823506,14,124.0,0.0,1.0083510674924157,0.17647058823529413,8449,5545
10,ga,7,3.7551994000095874,7095,0.8533817900496988,0.846314163351761,9,178.0,0.0,1.0083510674924157,0.11764705882352941,2022,5073
10,ga,42,9.898517500027083,9283,0.8441662379955205,0.8371749336218856,9,136.0,0.0,1.0083510674924157,0.058823529411764705,5458,3825
10,ga,2026,3.5045610999222845,6755,0.8329157468801518,0.8260176180022902,9,200.0,0.0,1.0083510674924157,0.058823529411764705,1817,4938
10,ga,314,9.217152899946086,8909,0.8843364373174774,0.8770124471793936,9,136.0,0.0,1.0083510674924157,0.11764705882352941,5061,3848
10,ga,2718,2.7491904000053182,6594,0.7470886275907604,0.7409013107395552,6,294.0,0.0,1.0083510674924157,0.17647058823529413,1430,5164
10,grasp,7,21.722120699938387,18306,0.9177185108976981,0.9101180536059686,5,122.0,0.0,1.0083510674924157,0.17647058823529413,11740,6566
10,grasp,42,18.538913100026548,16831,0.8925709737653259,0.8851787859807462,4,126.0,0.0,1.0083510674924157,0.11764705882352941,10169,6662
10,grasp,2026,20.039046699996106,17940,0.8987462685358079,0.8913029375481549,6,132.0,0.0,1.0083510674924157,0.11764705882352941,11057,6883
10,grasp,314,18.721447400050238,17224,0.9156284859065078,0.9080453380026741,6,132.0,0.0,1.0083510674924157,0.17647058823529413,9918,7306
10,grasp,2718,20.512261800002307,18087,0.9340992842879537,0.9263631629913256,5,124.0,0.0,1.0083510674924157,0.17647058823529413,11214,6873
