Q,metodo,seed,tempo_busca,agendamentos,hv,hv_exato,hv_relativo,recuperacao_exata,cardinalidade,min_f1,min_f2,resolucoes_agendamento,cache_hits
1,sa,7,0.7830622000619769,438,0.2796449704142013,0.2796449704142013,1.0,1.0,3,24.0,0.0,438,0
1,sa,42,0.7006406999425963,439,0.2796449704142013,0.2796449704142013,1.0,1.0,3,24.0,0.0,439,0
1,sa,2026,0.6958756999811158,437,0.2796449704142013,0.2796449704142013,1.0,1.0,3,24.0,0.0,437,0
1,ga,7,0.7842631000094116,504,0.26964497041420127,0.2796449704142013,0.964240372407956,0.6666666666666666,2,26.0,0.0,504,0
1,ga,42,0.7501365999924019,477,0.2796449704142013,0.2796449704142013,1.0,1.0,3,24.0,0.0,477,0
1,ga,2026,0.7143602999858558,456,0.2796449704142013,0.2796449704142013,1.0,1.0,3,24.0,0.0,456,0
1,grasp,7,0.9941247999668121,627,0.2796449704142013,0.2796449704142013,1.0,1.0,3,24.0,0.0,627,0
1,grasp,42,0.9071151999523863,581,0.2796449704142013,0.2796449704142013,1.0,1.0,3,24.0,0.0,581,0
1,grasp,2026,0.9448197000892833,600,0.2796449704142013,0.2796449704142013,1.0,1.0,3,24.0,0.0,600,0
2,sa,7,0.6717847000109032,419,0.7953846153846155,0.7953846153846155,1.0,1.0,3,16.0,0.0,419,0
2,sa,42,0.7466235000174493,426,0.7953846153846155,0.7953846153846155,1.0,1.0,3,16.0,0.0,426,0
2,sa,2026,0.6392256000544876,408,0.7953846153846155,0.7953846153846155,1.0,1.0,3,16.0,0.0,408,0
2,ga,7,0.8186382999410853,527,0.6452071005917162,0.7953846153846155,0.8111888111888114,0.6666666666666666,2,20.0,0.0,527,0
2,ga,42,0.5552518999902532,357,0.7108284023668641,0.7953846153846155,0.8936914149680109,0.6666666666666666,3,18.0,0.0,357,0
2,ga,2026,0.6393162999302149,402,0.672958579881657,0.7953846153846155,0.8460794524624313,0.6666666666666666,3,18.0,0.0,402,0
2,grasp,7,1.127936500008218,685,0.7953846153846155,0.7953846153846155,1.0,1.0,3,16.0,0.0,685,0
2,grasp,42,1.0808537000557408,671,0.7953846153846155,0.7953846153846155,1.0,1.0,3,16.0,0.0,671,0
2,grasp,2026,1.1081723000388592,694,0.7953846153846155,0.7953846153846155,1.0,1.0,3,16.0,0.0,694,0
3,sa,7,0.6662345000077039,419,1.150828402366864,1.150828402366864,1.0,1.0,3,10.0,0.0,419,0
3,sa,42,0.6986451999982819,420,1.150828402366864,1.150828402366864,1.0,1.0,3,10.0,0.0,420,0
3,sa,2026,0.7347554999869317,419,1.150828402366864,1.150828402366864,1.0,1.0,3,10.0,0.0,419,0
3,ga,7,0.68833849998191,438,1.150828402366864,1.150828402366864,1.0,1.0,3,10.0,0.0,438,0
3,ga,42,0.6473206999944523,406,1.150828402366864,1.150828402366864,1.0,1.0,3,10.0,0.0,406,0
3,ga,2026,0.6709903000155464,396,1.150828402366864,1.150828402366864,1.0,1.0,3,10.0,0.0,396,0
3,grasp,7,1.0120112000731751,613,1.150828402366864,1.150828402366864,1.0,1.0,3,10.0,0.0,613,0
3,grasp,42,0.9473158000037074,593,1.150828402366864,1.150828402366864,1.0,1.0,3,10.0,0.0,593,0
3,grasp,2026,1.0717194000026211,682,1.150828402366864,1.150828402366864,1.0,1.0,3,10.0,0.0,682,0
4,sa,7,0.6691398000111803,419,1.150828402366864,1.150828402366864,1.0,1.0,3,10.0,0.0,419,0
4,sa,42,0.6810918999835849,420,1.150828402366864,1.150828402366864,1.0,1.0,3,10.0,0.0,420,0
4,sa,2026,0.6901948000304401,419,1.150828402366864,1.150828402366864,1.0,1.0,3,10.0,0.0,419,0
4,ga,7,0.6961846000049263,438,1.150828402366864,1.150828402366864,1.0,1.0,3,10.0,0.0,438,0
4,ga,42,0.6605975999264047,406,1.150828402366864,1.150828402366864,1.0,1.0,3,10.0,0.0,406,0
4,ga,2026,0.7449496999615803,396,1.150828402366864,1.150828402366864,1.0,1.0,3,10.0,0.0,396,0
4,grasp,7,0.9796981000108644,613,1.150828402366864,1.150828402366864,1.0,1.0,3,10.0,0.0,613,0
4,grasp,42,0.9740476000588387,593,1.150828402366864,1.150828402366864,1.0,1.0,3,10.0,0.0,593,0
4,grasp,2026,1.1069713999750093,682,1.150828402366864,1.150828402366864,1.0,1.0,3,10.0,0.0,682,0
5,sa,7,0.6460727999219671,419,1.150828402366864,1.150828402366864,1.0,1.0,3,10.0,0.0,419,0
5,sa,42,0.6741954000899568,420,1.150828402366864,1.150828402366864,1.0,1.0,3,10.0,0.0,420,0
5,sa,2026,0.6537458000238985,419,1.150828402366864,1.150828402366864,1.0,1.0,3,10.0,0.0,419,0
5,ga,7,0.6744299000129104,438,1.150828402366864,1.150828402366864,1.0,1.0,3,10.0,0.0,438,0
5,ga,42,0.6569489999674261,406,1.150828402366864,1.150828402366864,1.0,1.0,3,10.0,0.0,406,0
5,ga,2026,0.6299947999650612,396,1.150828402366864,1.150828402366864,1.0,1.0,3,10.0,0.0,396,0
5,grasp,7,0.9535269000334665,613,1.150828402366864,1.150828402366864,1.0,1.0,3,10.0,0.0,613,0
5,grasp,42,0.9126561000011861,593,1.150828402366864,1.150828402366864,1.0,1.0,3,10.0,0.0,593,0
5,grasp,2026,1.1017163000069559,682,1.150828402366864,1.150828402366864,1.0,1.0,3,10.0,0.0,682,0
6,sa,7,0.6728657999774441,419,1.150828402366864,1.150828402366864,1.0,1.0,3,10.0,0.0,419,0
6,sa,42,0.6834726999513805,420,1.150828402366864,1.150828402366864,1.0,1.0,3,10.0,0.0,420,0
6,sa,2026,0.6890319999074563,419,1.150828402366864,1.150828402366864,1.0,1.0,3,10.0,0.0,419,0
6,ga,7,0.7897310999687761,438,1.150828402366864,1.150828402366864,1.0,1.0,3,10.0,0.0,438,0
6,ga,42,0.7549405000172555,406,1.150828402366864,1.150828402366864,1.0,1.0,3,10.0,0.0,406,0
6,ga,2026,0.7583220000378788,396,1.150828402366864,1.150828402366864,1.0,1.0,3,10.0,0.0,396,0
6,grasp,7,1.2925306999823079,613,1.150828402366864,1.150828402366864,1.0,1.0,3,10.0,0.0,613,0
6,grasp,42,0.9245231999084353,593,1.150828402366864,1.150828402366864,1.0,1.0,3,10.0,0.0,593,0
6,grasp,2026,1.0711041999747977,682,1.150828402366864,1.150828402366864,1.0,1.0,3,10.0,0.0,682,0
7,sa,7,0.6592764999950305,419,1.150828402366864,1.150828402366864,1.0,1.0,3,10.0,0.0,419,0
7,sa,42,0.6721879000542685,420,1.150828402366864,1.150828402366864,1.0,1.0,3,10.0,0.0,420,0
7,sa,2026,0.6611055999528617,419,1.150828402366864,1.150828402366864,1.0,1.0,3,10.0,0.0,419,0
7,ga,7,0.7031977999722585,438,1.150828402366864,1.150828402366864,1.0,1.0,3,10.0,0.0,438,0
7,ga,42,0.6565711000002921,406,1.150828402366864,1.150828402366864,1.0,1.0,3,10.0,0.0,406,0
7,ga,2026,0.6391080999746919,396,1.150828402366864,1.150828402366864,1.0,1.0,3,10.0,0.0,396,0
7,grasp,7,0.9989614000078291,613,1.150828402366864,1.150828402366864,1.0,1.0,3,10.0,0.0,613,0
7,grasp,42,0.9381883000023663,593,1.150828402366864,1.150828402366864,1.0,1.0,3,10.0,0.0,593,0
7,grasp,2026,1.0937172000994906,682,1.150828402366864,1.150828402366864,1.0,1.0,3,10.0,0.0,682,0
8,sa,7,0.675011400016956,419,1.150828402366864,1.150828402366864,1.0,1.0,3,10.0,0.0,419,0
8,sa,42,0.7289813000243157,420,1.150828402366864,1.150828402366864,1.0,1.0,3,10.0,0.0,420,0
8,sa,2026,0.7029556999914348,419,1.150828402366864,1.150828402366864,1.0,1.0,3,10.0,0.0,419,0
8,ga,7,0.6906320999842137,438,1.150828402366864,1.150828402366864,1.0,1.0,3,10.0,0.0,438,0
8,ga,42,0.6530244000023231,406,1.150828402366864,1.150828402366864,1.0,1.0,3,10.0,0.0,406,0
8,ga,2026,0.6421993999974802,396,1.150828402366864,1.150828402366864,1.0,1.0,3,10.0,0.0,396,0
8,grasp,7,1.0255425999639556,613,1.150828402366864,1.150828402366864,1.0,1.0,3,10.0,0.0,613,0
8,grasp,42,0.9997452999232337,593,1.150828402366864,1.150828402366864,1.0,1.0,3,10.0,0.0,593,0
8,grasp,2026,1.0463423000182956,682,1.150828402366864,1.150828402366864,1.0,1.0,3,10.0,0.0,682,0
9,sa,7,0.6322777000023052,419,1.150828402366864,1.150828402366864,1.0,1.0,3,10.0,0.0,419,0
9,sa,42,0.6181769999675453,420,1.150828402366864,1.150828402366864,1.0,1.0,3,10.0,0.0,420,0
9,sa,2026,0.6429766000946984,419,1.150828402366864,1.150828402366864,1.0,1.0,3,10.0,0.0,419,0
9,ga,7,0.6910161999985576,438,1.150828402366864,1.150828402366864,1.0,1.0,3,10.0,0.0,438,0
9,ga,42,0.6410771000664681,406,1.150828402366864,1.150828402366864,1.0,1.0,3,10.0,0.0,406,0
9,ga,2026,0.7116215999703854,396,1.150828402366864,1.150828402366864,1.0,1.0,3,10.0,0.0,396,0
9,grasp,7,1.0074926000088453,613,1.150828402366864,1.150828402366864,1.0,1.0,3,10.0,0.0,613,0
9,grasp,42,0.9794443000573665,593,1.150828402366864,1.150828402366864,1.0,1.0,3,10.0,0.0,593,0
9,grasp,2026,1.0777659999439493,682,1.150828402366864,1.150828402366864,1.0,1.0,3,10.0,0.0,682,0
10,sa,7,0.6281470999820158,419,1.150828402366864,1.150828402366864,1.0,1.0,3,10.0,0.0,419,0
10,sa,42,0.6268184999935329,420,1.150828402366864,1.150828402366864,1.0,1.0,3,10.0,0.0,420,0
10,sa,2026,0.6164859000127763,419,1.150828402366864,1.150828402366864,1.0,1.0,3,10.0,0.0,419,0
10,ga,7,0.6637279998976737,438,1.150828402366864,1.150828402366864,1.0,1.0,3,10.0,0.0,438,0
10,ga,42,0.614764399942942,406,1.150828402366864,1.150828402366864,1.0,1.0,3,10.0,0.0,406,0
10,ga,2026,0.5923160000238568,396,1.150828402366864,1.150828402366864,1.0,1.0,3,10.0,0.0,396,0
10,grasp,7,0.9270456000231206,613,1.150828402366864,1.150828402366864,1.0,1.0,3,10.0,0.0,613,0
10,grasp,42,0.8875183999771252,593,1.150828402366864,1.150828402366864,1.0,1.0,3,10.0,0.0,593,0
10,grasp,2026,1.0963760999729857,682,1.150828402366864,1.150828402366864,1.0,1.0,3,10.0,0.0,682,0
11,sa,7,0.678749099955894,419,1.150828402366864,1.150828402366864,1.0,1.0,3,10.0,0.0,419,0
11,sa,42,0.6803968999302015,420,1.150828402366864,1.150828402366864,1.0,1.0,3,10.0,0.0,420,0
11,sa,2026,0.6424728999845684,419,1.150828402366864,1.150828402366864,1.0,1.0,3,10.0,0.0,419,0
11,ga,7,0.7353294000495225,438,1.150828402366864,1.150828402366864,1.0,1.0,3,10.0,0.0,438,0
11,ga,42,0.6571225998923182,406,1.150828402366864,1.150828402366864,1.0,1.0,3,10.0,0.0,406,0
11,ga,2026,0.6501882000593469,396,1.150828402366864,1.150828402366864,1.0,1.0,3,10.0,0.0,396,0
11,grasp,7,1.0249876999296248,613,1.150828402366864,1.150828402366864,1.0,1.0,3,10.0,0.0,613,0
11,grasp,42,0.9181217999430373,593,1.150828402366864,1.150828402366864,1.0,1.0,3,10.0,0.0,593,0
11,grasp,2026,1.0285743999993429,682,1.150828402366864,1.150828402366864,1.0,1.0,3,10.0,0.0,682,0
12,sa,7,0.6353729999391362,419,1.150828402366864,1.150828402366864,1.0,1.0,3,10.0,0.0,419,0
12,sa,42,0.6425243000267074,420,1.150828402366864,1.150828402366864,1.0,1.0,3,10.0,0.0,420,0
12,sa,2026,0.6242211000062525,419,1.150828402366864,1.150828402366864,1.0,1.0,3,10.0,0.0,419,0
12,ga,7,0.6525799999944866,438,1.150828402366864,1.150828402366864,1.0,1.0,3,10.0,0.0,438,0
12,ga,42,0.6168730999343097,406,1.150828402366864,1.150828402366864,1.0,1.0,3,10.0,0.0,406,0
12,ga,2026,0.5850458999630064,396,1.150828402366864,1.150828402366864,1.0,1.0,3,10.0,0.0,396,0
12,grasp,7,0.9861067000310868,613,1.150828402366864,1.150828402366864,1.0,1.0,3,10.0,0.0,613,0
12,grasp,42,1.0080152000300586,593,1.150828402366864,1.150828402366864,1.0,1.0,3,10.0,0.0,593,0
12,grasp,2026,1.1746074999682605,682,1.150828402366864,1.150828402366864,1.0,1.0,3,10.0,0.0,682,0
13,sa,7,0.7157797999680042,419,1.150828402366864,1.150828402366864,1.0,1.0,3,10.0,0.0,419,0
13,sa,42,0.6698426000075415,420,1.150828402366864,1.150828402366864,1.0,1.0,3,10.0,0.0,420,0
13,sa,2026,0.6655468998942524,419,1.150828402366864,1.150828402366864,1.0,1.0,3,10.0,0.0,419,0
13,ga,7,0.7340986999915913,438,1.150828402366864,1.150828402366864,1.0,1.0,3,10.0,0.0,438,0
13,ga,42,0.6735718999989331,406,1.150828402366864,1.150828402366864,1.0,1.0,3,10.0,0.0,406,0
13,ga,2026,0.6199723000172526,396,1.150828402366864,1.150828402366864,1.0,1.0,3,10.0,0.0,396,0
13,grasp,7,0.9300879999063909,613,1.150828402366864,1.150828402366864,1.0,1.0,3,10.0,0.0,613,0
13,grasp,42,0.8844014999922365,593,1.150828402366864,1.150828402366864,1.0,1.0,3,10.0,0.0,593,0
13,grasp,2026,1.039855399983935,682,1.150828402366864,1.150828402366864,1.0,1.0,3,10.0,0.0,682,0
14,sa,7,0.6306834999704733,419,1.150828402366864,1.150828402366864,1.0,1.0,3,10.0,0.0,419,0
14,sa,42,0.6324726999737322,420,1.150828402366864,1.150828402366864,1.0,1.0,3,10.0,0.0,420,0
14,sa,2026,0.6367314000381157,419,1.150828402366864,1.150828402366864,1.0,1.0,3,10.0,0.0,419,0
14,ga,7,0.6662813000148162,438,1.150828402366864,1.150828402366864,1.0,1.0,3,10.0,0.0,438,0
14,ga,42,0.7179446000372991,406,1.150828402366864,1.150828402366864,1.0,1.0,3,10.0,0.0,406,0
14,ga,2026,0.6766549000749364,396,1.150828402366864,1.150828402366864,1.0,1.0,3,10.0,0.0,396,0
14,grasp,7,1.077502500033006,613,1.150828402366864,1.150828402366864,1.0,1.0,3,10.0,0.0,613,0
14,grasp,42,0.9384320999961346,593,1.150828402366864,1.150828402366864,1.0,1.0,3,10.0,0.0,593,0
14,grasp,2026,1.2664719000458717,682,1.150828402366864,1.150828402366864,1.0,1.0,3,10.0,0.0,682,0
15,sa,7,0.6999679999426007,419,1.150828402366864,1.150828402366864,1.0,1.0,3,10.0,0.0,419,0
15,sa,42,0.676101699937135,420,1.150828402366864,1.150828402366864,1.0,1.0,3,10.0,0.0,420,0
15,sa,2026,0.6457130999770015,419,1.150828402366864,1.150828402366864,1.0,1.0,3,10.0,0.0,419,0
15,ga,7,0.6864776000147685,438,1.150828402366864,1.150828402366864,1.0,1.0,3,10.0,0.0,438,0
15,ga,42,0.6270839999197051,406,1.150828402366864,1.150828402366864,1.0,1.0,3,10.0,0.0,406,0
15,ga,2026,0.6592120000859722,396,1.150828402366864,1.150828402366864,1.0,1.0,3,10.0,0.0,396,0
15,grasp,7,1.050000400049612,613,1.150828402366864,1.150828402366864,1.0,1.0,3,10.0,0.0,613,0
15,grasp,42,1.0135054999263957,593,1.150828402366864,1.150828402366864,1.0,1.0,3,10.0,0.0,593,0
15,grasp,2026,1.1493637999519706,682,1.150828402366864,1.150828402366864,1.0,1.0,3,10.0,0.0,682,0
16,sa,7,0.6343870999990031,419,1.150828402366864,1.150828402366864,1.0,1.0,3,10.0,0.0,419,0
16,sa,42,0.6378072999650612,420,1.150828402366864,1.150828402366864,1.0,1.0,3,10.0,0.0,420,0
16,sa,2026,0.6697547000367194,419,1.150828402366864,1.150828402366864,1.0,1.0,3,10.0,0.0,419,0
16,ga,7,0.654545700061135,438,1.150828402366864,1.150828402366864,1.0,1.0,3,10.0,0.0,438,0
16,ga,42,0.6385119999758899,406,1.150828402366864,1.150828402366864,1.0,1.0,3,10.0,0.0,406,0
16,ga,2026,0.7226637999992818,396,1.150828402366864,1.150828402366864,1.0,1.0,3,10.0,0.0,396,0
16,grasp,7,1.0323465000838041,613,1.150828402366864,1.150828402366864,1.0,1.0,3,10.0,0.0,613,0
16,grasp,42,1.021450600004755,593,1.150828402366864,1.150828402366864,1.0,1.0,3,10.0,0.0,593,0
16,grasp,2026,1.2398543999297544,682,1.150828402366864,1.150828402366864,1.0,1.0,3,10.0,0.0,682,0
17,sa,7,0.8594112999271601,419,1.150828402366864,1.150828402366864,1.0,1.0,3,10.0,0.0,419,0
17,sa,42,0.7106712000677362,420,1.150828402366864,1.150828402366864,1.0,1.0,3,10.0,0.0,420,0
17,sa,2026,0.7251823000842705,419,1.150828402366864,1.150828402366864,1.0,1.0,3,10.0,0.0,419,0
17,ga,7,0.9362793000182137,438,1.150828402366864,1.150828402366864,1.0,1.0,3,10.0,0.0,438,0
17,ga,42,0.8527218999806792,406,1.150828402366864,1.150828402366864,1.0,1.0,3,10.0,0.0,406,0
17,ga,2026,0.8739889999851584,396,1.150828402366864,1.150828402366864,1.0,1.0,3,10.0,0.0,396,0
17,grasp,7,1.4391713000368327,613,1.150828402366864,1.150828402366864,1.0,1.0,3,10.0,0.0,613,0
17,grasp,42,1.320796599960886,593,1.150828402366864,1.150828402366864,1.0,1.0,3,10.0,0.0,593,0
17,grasp,2026,1.5964172999374568,682,1.150828402366864,1.150828402366864,1.0,1.0,3,10.0,0.0,682,0
18,sa,7,0.8195195000153035,419,1.150828402366864,1.150828402366864,1.0,1.0,3,10.0,0.0,419,0
18,sa,42,0.8359394000144675,420,1.150828402366864,1.150828402366864,1.0,1.0,3,10.0,0.0,420,0
18,sa,2026,0.6839267000323161,419,1.150828402366864,1.150828402366864,1.0,1.0,3,10.0,0.0,419,0
18,ga,7,0.8141203999985009,438,1.150828402366864,1.150828402366864,1.0,1.0,3,10.0,0.0,438,0
18,ga,42,0.7769090000074357,406,1.150828402366864,1.150828402366864,1.0,1.0,3,10.0,0.0,406,0
18,ga,2026,0.6806312999688089,396,1.150828402366864,1.150828402366864,1.0,1.0,3,10.0,0.0,396,0
18,grasp,7,1.0720482000615448,613,1.150828402366864,1.150828402366864,1.0,1.0,3,10.0,0.0,613,0
18,grasp,42,1.2118832999840379,593,1.150828402366864,1.150828402366864,1.0,1.0,3,10.0,0.0,593,0
18,grasp,2026,1.3434059999417514,682,1.150828402366864,1.150828402366864,1.0,1.0,3,10.0,0.0,682,0
19,sa,7,0.9615583999548107,419,1.150828402366864,1.150828402366864,1.0,1.0,3,10.0,0.0,419,0
19,sa,42,0.7125562001019716,420,1.150828402366864,1.150828402366864,1.0,1.0,3,10.0,0.0,420,0
19,sa,2026,0.6494151999941096,419,1.150828402366864,1.150828402366864,1.0,1.0,3,10.0,0.0,419,0
19,ga,7,0.7600624000187963,438,1.150828402366864,1.150828402366864,1.0,1.0,3,10.0,0.0,438,0
19,ga,42,0.609603299992159,406,1.150828402366864,1.150828402366864,1.0,1.0,3,10.0,0.0,406,0
19,ga,2026,0.6184817999601364,396,1.150828402366864,1.150828402366864,1.0,1.0,3,10.0,0.0,396,0
19,grasp,7,0.9775804999517277,613,1.150828402366864,1.150828402366864,1.0,1.0,3,10.0,0.0,613,0
19,grasp,42,0.9078445000341162,593,1.150828402366864,1.150828402366864,1.0,1.0,3,10.0,0.0,593,0
19,grasp,2026,1.0688453000038862,682,1.150828402366864,1.150828402366864,1.0,1.0,3,10.0,0.0,682,0
20,sa,7,0.6163531000493094,419,1.150828402366864,1.150828402366864,1.0,1.0,3,10.0,0.0,419,0
20,sa,42,0.6284816999686882,420,1.150828402366864,1.150828402366864,1.0,1.0,3,10.0,0.0,420,0
20,sa,2026,0.6353311999700963,419,1.150828402366864,1.150828402366864,1.0,1.0,3,10.0,0.0,419,0
20,ga,7,0.6483301999978721,438,1.150828402366864,1.150828402366864,1.0,1.0,3,10.0,0.0,438,0
20,ga,42,0.6278536999598145,406,1.150828402366864,1.150828402366864,1.0,1.0,3,10.0,0.0,406,0
20,ga,2026,0.5931712000165135,396,1.150828402366864,1.150828402366864,1.0,1.0,3,10.0,0.0,396,0
20,grasp,7,1.080779300071299,613,1.150828402366864,1.150828402366864,1.0,1.0,3,10.0,0.0,613,0
20,grasp,42,0.9347324999980628,593,1.150828402366864,1.150828402366864,1.0,1.0,3,10.0,0.0,593,0
20,grasp,2026,1.0941248000599444,682,1.150828402366864,1.150828402366864,1.0,1.0,3,10.0,0.0,682,0
