Q,m,alpha,f1,f2
1,5,2.0,75.48307952286049,28.015776060760345
1,5,2.0,76.1100351142529,21.712100560674262
1,5,2.0,80.30337975485082,6.303675500086117
1,5,2.0,80.63392938072023,3.019806626980426e-14
2,5,2.0,75.48307952286049,28.015776060760345
2,5,2.0,76.1100351142529,21.712100560674262
2,5,2.0,80.30337975485082,6.303675500086117
2,5,2.0,80.63392938072023,3.019806626980426e-14
3,5,2.0,75.48307952286049,28.015776060760345
3,5,2.0,76.1100351142529,21.712100560674262
3,5,2.0,80.30337975485082,6.303675500086117
3,5,2.0,80.63392938072023,3.019806626980426e-14
4,5,2.0,75.48307952286049,28.015776060760345
4,5,2.0,76.1100351142529,21.712100560674262
4,5,2.0,80.30337975485082,6.303675500086117
4,5,2.0,80.63392938072023,3.019806626980426e-14
5,5,2.0,75.48307952286049,28.015776060760345
5,5,2.0,76.1100351142529,21.712100560674262
5,5,2.0,80.30337975485082,6.303675500086117
5,5,2.0,80.63392938072023,3.019806626980426e-14
6,5,2.0,75.48307952286049,28.015776060760345
6,5,2.0,76.1100351142529,21.712100560674262
6,5,2.0,80.30337975485082,6.303675500086117
6,5,2.0,80.63392938072023,3.019806626980426e-14
7,5,2.0,75.48307952286049,28.015776060760345
7,5,2.0,76.1100351142529,21.712100560674262
7,5,2.0,80.30337975485082,6.303675500086117
7,5,2.0,80.63392938072023,3.019806626980426e-14
8,5,2.0,75.48307952286049,28.015776060760345
8,5,2.0,76.1100351142529,21.712100560674262
8,5,2.0,80.30337975485082,6.303675500086117
8,5,2.0,80.63392938072023,3.019806626980426e-14
9,5,2.0,75.48307952286049,28.015776060760345
9,5,2.0,76.1100351142529,21.712100560674262
9,5,2.0,80.30337975485082,6.303675500086117
9,5,2.0,80.63392938072023,3.019806626980426e-14
10,5,2.0,75.48307952286049,28.015776060760345
10,5,2.0,76.1100351142529,21.712100560674262
10,5,2.0,80.30337975485082,6.303675500086117
10,5,2.0,80.63392938072023,3.019806626980426e-14
11,5,2.0,75.48307952286049,28.015776060760345
11,5,2.0,76.1100351142529,21.712100560674262
11,5,2.0,80.30337975485082,6.303675500086117
11,5,2.0,80.63392938072023,3.019806626980426e-14
12,5,2.0,75.48307952286049,28.015776060760345
12,5,2.0,76.1100351142529,21.712100560674262
12,5,2.0,80.30337975485082,6.303675500086117
12,5,2.0,80.63392938072023,3.019806626980426e-14
13,5,2.0,75.48307952286049,28.015776060760345
13,5,2.0,76.1100351142529,21.712100560674262
13,5,2.0,80.30337975485082,6.303675500086117
13,5,2.0,80.63392938072023,3.019806626980426e-14
14,5,2.0,75.48307952286049,28.015776060760345
14,5,2.0,76.1100351142529,21.712100560674262
14,5,2.0,80.30337975485082,6.303675500086117
14,5,2.0,80.63392938072023,3.019806626980426e-14
15,5,2.0,75.48307952286049,28.015776060760345
15,5,2.0,76.1100351142529,21.712100560674262
15,5,2.0,80.30337975485082,6.303675500086117
15,5,2.0,80.63392938072023,3.019806626980426e-14
16,5,2.0,75.48307952286049,28.015776060760345
16,5,2.0,76.1100351142529,21.712100560674262
16,5,2.0,80.30337975485082,6.303675500086117
16,5,2.0,80.63392938072023,3.019806626980426e-14
17,5,2.0,75.48307952286049,28.015776060760345
17,5,2.0,76.1100351142529,21.712100560674262
17,5,2.0,80.30337975485082,6.303675500086117
17,5,2.0,80.63392938072023,3.019806626980426e-14
18,5,2.0,75.48307952286049,28.015776060760345
18,5,2.0,76.1100351142529,21.712100560674262
18,5,2.0,80.30337975485082,6.303675500086117
18,5,2.0,80.63392938072023,3.019806626980426e-14
19,5,2.0,75.48307952286049,28.015776060760345
19,5,2.0,76.1100351142529,21.712100560674262
19,5,2.0,80.30337975485082,6.303675500086117
19,5,2.0,80.63392938072023,3.019806626980426e-14
20,5,2.0,75.48307952286049,28.015776060760345
20,5,2.0,76.1100351142529,21.712100560674262
20,5,2.0,80.30337975485082,6.303675500086117
20,5,2.0,80.63392938072023,3.019806626980426e-14
